"","Mes","Producto","Tienda","Monto venta","Edad"
"1",3,"Televisor","Zona 15",569,36
"2",7,"Televisor","Zona 12",2381,18
"3",8,"Bocina","Amatitlán",568,30
"4",6,"Computadora","Petapa",2518,23
"5",1,"Radio","Oakland mall",391,53
"6",7,"Televisor","Zona 15",330,48
"7",8,NA,"Miraflores",218,45
"8",5,"Televisor","Zona 15",1143,28
"9",3,"Celular","Petapa",309,57
"10",7,"Radio","Oakland mall",2824,19
"11",11,"Celular","La Antigua",517,58
"12",9,"Televisor","La Antigua",1354,27
"13",9,"Televisor","Miraflores",500,45
"14",2,"Radio","La Antigua",1826,15
"15",1,"Televisor","La Antigua",543,44
"16",7,"Televisor","Petapa",406,57
"17",6,"Consola","Oakland mall",1029,23
"18",4,"Computadora","Xela",130,51
"19",8,"Computadora","Zona 15",96,53
"20",7,"Celular","Petapa",495,42
"21",8,"Computadora","Miraflores",522,57
"22",1,"Consola","Oakland mall",574,55
"23",2,"Televisor","Oakland mall",479,51
"24",9,"Celular","Zona 15",2081,16
"25",7,"Celular","Petapa",596,28
"26",9,"Televisor","Zona 15",312,25
"27",7,"Bocina","Oakland mall",374,43
"28",5,"Radio","Amatitlán",281,25
"29",5,"Celular","Amatitlán",2724,16
"30",12,"Bocina","Miraflores",1724,18
"31",3,"Bocina","Zona 15",564,25
"32",9,"Televisor","Oakland mall",659,28
"33",1,"Consola","Miraflores",59,60
"34",3,"Celular","Petapa",1445,21
"35",1,"Televisor","Petapa",79,59
"36",5,"Celular","Amatitlán",1555,17
"37",7,"Radio","Petapa",723,34
"38",10,"Computadora","Miraflores",667,33
"39",5,"Computadora","Petapa",382,58
"40",12,"Bocina","La Antigua",507,36
"41",9,"Bocina","Xela",1057,36
"42",8,"Consola","Zona 12",2739,15
"43",2,"DVD","Miraflores",2084,16
"44",12,"Consola","Zona 12",156,42
"45",8,"Celular","Oakland mall",1343,29
"46",1,"Celular","Zona 15",2541,19
"47",7,"Computadora","Zona 15",1014,23
"48",3,"DVD","Zona 12",165,58
"49",7,"Bocina","Xela",397,59
"50",3,"Bocina","Petapa",456,58
"51",5,"Televisor","La Antigua",540,40
"52",10,"Celular","Amatitlán",38,44
"53",7,"Radio","Oakland mall",438,46
"54",2,"Celular","Miraflores",355,25
"55",5,"Bocina","Zona 12",2564,19
"56",9,"Radio","Zona 15",264,43
"57",9,"Celular","Zona 15",783,31
"58",11,"Radio","Zona 15",206,47
"59",4,"Bocina","La Antigua",536,43
"60",6,"Radio","Oakland mall",2898,16
"61",3,"Bocina","La Antigua",450,41
"62",1,"Bocina","Petapa",159,25
"63",3,"DVD","Zona 12",572,26
"64",8,"Televisor","Oakland mall",586,46
"65",5,"Televisor","Oakland mall",1379,31
"66",6,"Radio","Oakland mall",487,43
"67",1,"Computadora","La Antigua",353,54
"68",5,"DVD","La Antigua",1085,24
"69",8,"Radio","La Antigua",106,57
"70",4,"Radio","Zona 15",1400,29
"71",12,"Computadora","Zona 15",718,32
"72",3,"Celular","Zona 12",263,42
"73",12,"Celular","Oakland mall",972,38
"74",12,"Bocina","Xela",1147,23
"75",1,"Bocina","Zona 15",1128,21
"76",5,"Cafetera","Xela",954,35
"77",10,"Bocina","Zona 15",870,31
"78",5,"Radio","Miraflores",1093,22
"79",6,"Celular","Zona 15",75,40
"80",3,"Consola","La Antigua",922,37
"81",4,"Bocina","Xela",1001,26
"82",12,"Televisor","Petapa",288,52
"83",10,"Consola","Amatitlán",2581,23
"84",5,"Computadora","Petapa",39,60
"85",10,"Bocina","Oakland mall",158,42
"86",4,"Celular","Zona 12",1493,37
"87",1,"Bocina","Petapa",2910,23
"88",9,"Computadora","Petapa",557,41
"89",3,NA,"La Antigua",897,28
"90",8,"Consola","Xela",1165,31
"91",4,"Consola","Amatitlán",1180,23
"92",3,"Computadora","Zona 12",332,54
"93",8,"Celular","Miraflores",765,39
"94",5,"Radio","Miraflores",839,36
"95",3,"DVD","Zona 12",89,57
"96",6,"Radio","Oakland mall",87,60
"97",7,"Radio","Petapa",2316,15
"98",10,"Celular","Miraflores",1476,38
"99",8,"Computadora","Miraflores",2163,16
"100",1,"Radio","Xela",528,38
"101",7,"Celular","Petapa",477,54
"102",5,"Computadora","Xela",419,44
"103",9,"Consola","La Antigua",1816,16
"104",2,"Consola","La Antigua",2774,17
"105",1,"Computadora","Petapa",1132,22
"106",10,"Televisor","Xela",101,50
"107",5,"Consola","Petapa",454,53
"108",5,"Consola","Amatitlán",370,41
"109",12,"Consola","Zona 15",131,46
"110",5,"Radio","La Antigua",2355,19
"111",3,"Consola","La Antigua",2672,21
"112",9,"Computadora","Oakland mall",717,37
"113",10,"Celular","Miraflores",367,53
"114",11,"Bocina","Zona 12",1110,18
"115",6,"Computadora","Zona 12",423,58
"116",3,"Televisor","La Antigua",199,52
"117",1,"Celular","Amatitlán",741,35
"118",4,"Bocina","Petapa",1175,23
"119",7,"Computadora","La Antigua",1853,20
"120",1,"Celular","Xela",1485,36
"121",4,"Celular","La Antigua",475,41
"122",11,"Televisor","Petapa",304,53
"123",6,"Celular","Miraflores",20,60
"124",1,"Celular","Zona 12",443,58
"125",3,"Computadora","Zona 12",2518,18
"126",3,"Celular","Miraflores",801,35
"127",8,"Celular","La Antigua",194,58
"128",7,"Celular","La Antigua",733,34
"129",3,"Computadora","Petapa",853,32
"130",2,"Bocina","Miraflores",1029,32
"131",4,"Consola","Xela",1285,22
"132",11,"Computadora","Amatitlán",614,26
"133",1,"Celular","Amatitlán",2270,22
"134",2,"Bocina","Zona 15",47,44
"135",4,"Cafetera","Xela",548,27
"136",9,"Bocina","Miraflores",2804,22
"137",1,"Bocina","La Antigua",556,26
"138",8,"Televisor","Xela",288,59
"139",3,"Bocina","Miraflores",1293,31
"140",3,"Bocina","Zona 12",370,45
"141",8,"Televisor","Xela",2567,21
"142",1,"DVD","Xela",1386,23
"143",6,"Computadora","La Antigua",506,40
"144",2,"Computadora","Xela",137,45
"145",8,"Radio","Zona 12",1381,33
"146",7,"Celular","Amatitlán",178,48
"147",5,"Computadora","Amatitlán",2063,19
"148",7,"Televisor","La Antigua",415,47
"149",5,"Bocina","La Antigua",116,44
"150",9,"Radio","Xela",2368,19
"151",11,"Bocina","Amatitlán",161,46
"152",9,"Celular","Xela",86,48
"153",5,"Celular","Petapa",2397,23
"154",8,"Televisor","Petapa",216,59
"155",11,"Computadora","Amatitlán",244,41
"156",3,"Bocina","La Antigua",845,37
"157",8,"Cafetera","Zona 12",527,50
"158",5,"Celular","Oakland mall",1002,32
"159",5,"Radio","Miraflores",91,54
"160",4,"DVD","Petapa",191,51
"161",3,"Computadora","Oakland mall",2406,20
"162",2,"Consola","La Antigua",268,44
"163",7,"Celular","Xela",575,44
"164",7,"Televisor","Miraflores",254,57
"165",3,"Celular","Amatitlán",1604,16
"166",6,"Computadora","Zona 12",2056,19
"167",10,"Bocina","Zona 15",14890,31
"168",8,"Celular","Petapa",2266,18
"169",5,"Consola","Petapa",816,32
"170",3,"Celular","Zona 15",368,25
"171",2,"DVD","Zona 12",442,42
"172",9,"Bocina","Miraflores",2641,20
"173",10,"DVD","Zona 15",1053,21
"174",9,"DVD","Xela",277,52
"175",6,"Celular","Xela",970,39
"176",3,"Computadora","Zona 15",174,42
"177",4,"Computadora","Oakland mall",175,55
"178",7,"Consola","Oakland mall",139,53
"179",3,"Televisor","Xela",141,53
"180",12,"Radio","Petapa",1131,28
"181",12,"Celular","Zona 15",1306,36
"182",7,"Celular","Petapa",720,35
"183",12,"Celular","Miraflores",773,36
"184",10,"Televisor","Oakland mall",465,41
"185",7,"Computadora","Petapa",2512,23
"186",1,"Celular","Miraflores",1052,34
"187",2,"Celular","Amatitlán",26,60
"188",3,"Celular","Zona 12",972,28
"189",6,"Celular","Miraflores",1628,21
"190",4,"Televisor","Petapa",93,42
"191",12,"Computadora","Oakland mall",124,51
"192",11,"Radio","Miraflores",94,40
"193",7,"Consola","Xela",52,42
"194",4,NA,"Xela",466,57
"195",3,"Celular","Zona 15",1039,15
"196",8,"Radio","Miraflores",45,53
"197",10,"Bocina","Zona 15",1000,37
"198",11,"Celular","Amatitlán",372,60
"199",10,"Celular","Zona 12",397,47
"200",11,"Celular","Miraflores",2145,16
"201",11,"Bocina","Zona 12",440,59
"202",2,"Computadora","Zona 12",2309,21
"203",11,"Televisor","Miraflores",311,60
"204",7,"Bocina","Miraflores",1444,34
"205",7,"Celular","La Antigua",1489,15
"206",11,"Celular","Petapa",1226,37
"207",11,"Computadora","Zona 15",350,55
"208",11,"Bocina","Zona 12",1329,39
"209",3,"Celular","Miraflores",66,44
"210",9,"Televisor","Zona 15",260,25
"211",8,"Bocina","Miraflores",519,47
"212",9,"Televisor","Zona 15",1087,38
"213",5,"Computadora","Oakland mall",585,56
"214",3,"DVD","Petapa",75,55
"215",12,"Bocina","La Antigua",530,52
"216",9,"Televisor","Petapa",1460,26
"217",3,"Bocina","Zona 15",2168,20
"218",3,"Radio","Miraflores",2936,17
"219",7,"Bocina","Zona 12",513,59
"220",6,"Consola","Xela",394,42
"221",11,"Consola","Amatitlán",67,41
"222",9,"Televisor","Miraflores",354,45
"223",1,"Bocina","Zona 12",939,38
"224",6,"DVD","Amatitlán",358,60
"225",9,"Celular","Zona 15",161,47
"226",6,"Televisor","Zona 15",362,53
"227",12,"Consola","Zona 15",508,41
"228",6,"Bocina","Zona 12",160,46
"229",7,"Radio","Amatitlán",1142,28
"230",2,"Computadora","La Antigua",294,54
"231",3,"Bocina","Oakland mall",880,30
"232",7,"DVD","Xela",412,42
"233",12,"Bocina","Petapa",1440,26
"234",2,"Consola","Zona 15",515,52
"235",12,"Radio","Miraflores",237,58
"236",11,"Computadora","Amatitlán",1092,28
"237",10,"Bocina","Amatitlán",588,38
"238",7,"Computadora","Amatitlán",69,49
"239",10,"Televisor","Oakland mall",1026,33
"240",4,"Radio","Petapa",372,47
"241",4,"Bocina","Zona 15",1860,22
"242",9,"Bocina","Zona 15",1119,18
"243",8,"Celular","Amatitlán",1905,18
"244",11,"Televisor","Petapa",2647,23
"245",2,"Bocina","Amatitlán",1470,28
"246",6,"Computadora","Petapa",537,59
"247",7,"Radio","Amatitlán",424,52
"248",11,"Computadora","Zona 12",202,49
"249",7,"Bocina","Zona 15",1229,16
"250",11,"Computadora","Zona 15",906,29
"251",12,"Radio","Miraflores",391,56
"252",2,"Consola","Oakland mall",849,27
"253",3,"Computadora","Amatitlán",1375,30
"254",8,"Bocina","Oakland mall",77,42
"255",2,"Celular","Zona 15",379,49
"256",5,"Computadora","Petapa",524,32
"257",11,"Celular","Miraflores",518,39
"258",8,"Computadora","Miraflores",2196,16
"259",4,"Bocina","Miraflores",406,48
"260",10,"Consola","La Antigua",1107,18
"261",5,"Radio","La Antigua",155,56
"262",6,"Celular","Oakland mall",1059,17
"263",10,"Bocina","La Antigua",598,44
"264",6,"Celular","Xela",174,42
"265",9,"Bocina","Zona 15",417,40
"266",12,"Cafetera","Zona 15",810,32
"267",4,"Bocina","Amatitlán",216,46
"268",3,"DVD","Zona 15",2645,20
"269",2,"Televisor","Oakland mall",275,40
"270",12,"Bocina","Zona 15",615,34
"271",8,"Celular","Oakland mall",1276,19
"272",6,"Bocina","Zona 12",2741,16
"273",5,"Consola","Zona 12",1226,29
"274",6,"Bocina","La Antigua",769,36
"275",8,"Cafetera","Xela",550,54
"276",4,NA,"Zona 15",1345,15
"277",1,"Radio","Xela",1071,21
"278",11,"DVD","Zona 15",236,47
"279",11,"DVD","Zona 15",546,31
"280",8,"Televisor","Xela",1395,22
"281",10,"Consola","Oakland mall",564,52
"282",5,"Computadora","Xela",484,45
"283",9,"Televisor","Oakland mall",571,58
"284",10,"Televisor","Amatitlán",556,44
"285",6,"Bocina","Oakland mall",949,38
"286",11,"Televisor","La Antigua",238,47
"287",3,"Consola","Zona 15",1270,19
"288",11,"Celular","Zona 12",445,51
"289",11,"Celular","La Antigua",44,52
"290",9,"Celular","Xela",1492,16
"291",11,"Computadora","Xela",482,48
"292",1,"Celular","Oakland mall",1974,21
"293",9,"Celular","Zona 15",547,45
"294",7,"Televisor","Miraflores",280,42
"295",10,"Celular","Zona 12",1271,28
"296",12,"Computadora","Zona 12",275,47
"297",12,"Radio","Amatitlán",2471,16
"298",6,"Computadora","Miraflores",611,34
"299",5,"Computadora","La Antigua",1460,27
"300",4,"Bocina","Zona 12",876,28
"301",4,"Celular","Oakland mall",599,58
"302",2,"Celular","Oakland mall",412,60
"303",6,"Consola","La Antigua",1251,37
"304",5,"Bocina","La Antigua",687,26
"305",4,"Bocina","Amatitlán",706,37
"306",3,"Consola","Zona 12",595,53
"307",8,"Televisor","Amatitlán",1362,37
"308",3,"Radio","Oakland mall",1132,39
"309",6,"Bocina","Zona 12",387,59
"310",7,"Bocina","Miraflores",366,50
"311",9,"Celular","Zona 12",500,44
"312",6,"Celular","Amatitlán",316,53
"313",4,"Celular","Oakland mall",1284,32
"314",4,"Bocina","Zona 15",323,40
"315",8,"Computadora","Zona 12",575,31
"316",9,"Radio","Zona 15",1422,39
"317",7,"Radio","Amatitlán",951,31
"318",4,"Celular","Xela",1116,36
"319",9,"Consola","Zona 15",1471,32
"320",7,"Celular","Petapa",1301,33
"321",6,"Consola","Miraflores",1106,34
"322",5,"Bocina","Miraflores",1331,19
"323",1,"Radio","Oakland mall",1472,26
"324",2,"Consola","Petapa",395,59
"325",5,"Bocina","Zona 12",1453,24
"326",10,"Celular","Miraflores",823,36
"327",2,"Televisor","La Antigua",117,45
"328",8,"Televisor","Zona 12",536,42
"329",12,"Computadora","La Antigua",260,45
"330",8,"Radio","La Antigua",50,55
"331",4,"Televisor","La Antigua",306,47
"332",5,"Cafetera","Zona 15",292,50
"333",6,"DVD","Oakland mall",1665,19
"334",4,"Cafetera","Amatitlán",723,38
"335",5,"Bocina","Zona 15",139,54
"336",12,"Televisor","Petapa",295,56
"337",3,"Computadora","Amatitlán",1381,38
"338",1,"Computadora","Xela",2007,18
"339",5,"Bocina","Zona 12",869,34
"340",7,"Radio","Oakland mall",1287,31
"341",9,"Celular","Zona 15",1034,30
"342",6,"Bocina","Xela",1327,33
"343",11,"Celular","Oakland mall",536,57
"344",10,"Televisor","Amatitlán",1431,32
"345",10,"Bocina","Xela",565,53
"346",3,"Televisor","Zona 12",583,34
"347",5,"Computadora","Oakland mall",515,42
"348",9,"Celular","Oakland mall",941,37
"349",11,"Consola","Xela",590,31
"350",6,"Consola","Petapa",311,50
"351",1,"Televisor","La Antigua",294,47
"352",6,"Bocina","Xela",988,33
"353",5,"Consola","Zona 12",2086,15
"354",5,"Celular","Zona 15",892,36
"355",10,"Radio","Petapa",458,51
"356",11,"DVD","Petapa",76,49
"357",8,"Televisor","Xela",1046,19
"358",12,"Radio","Zona 15",574,33
"359",8,"Consola","Oakland mall",1473,24
"360",2,"DVD","Miraflores",525,50
"361",9,"Bocina","Zona 15",501,31
"362",10,"Celular","Zona 15",272,45
"363",10,"Computadora","Amatitlán",1090,23
"364",3,"Computadora","Zona 15",2820,22
"365",9,"Radio","Miraflores",309,53
"366",6,"Celular","Zona 15",55,59
"367",1,"Computadora","Amatitlán",539,41
"368",6,"Cafetera","Amatitlán",440,46
"369",6,"Computadora","La Antigua",294,56
"370",10,"Televisor","Oakland mall",473,48
"371",3,"Radio","Petapa",1891,23
"372",8,"Bocina","Zona 12",696,30
"373",1,"Bocina","Miraflores",1352,20
"374",3,"Consola","Miraflores",278,53
"375",1,"Celular","Amatitlán",512,56
"376",3,"Computadora","Oakland mall",66,52
"377",12,"Televisor","Zona 15",648,30
"378",8,NA,"Amatitlán",760,37
"379",9,"Radio","Zona 15",205,53
"380",8,"Televisor","Amatitlán",81,25
"381",7,"Celular","Petapa",460,59
"382",3,"Radio","Miraflores",1214,21
"383",9,"DVD","La Antigua",594,28
"384",4,"Bocina","Amatitlán",181,50
"385",6,"Computadora","Zona 15",721,33
"386",3,"Consola","Zona 15",1271,16
"387",12,"Radio","Oakland mall",193,57
"388",8,"Televisor","Zona 15",461,43
"389",5,"Radio","La Antigua",1482,33
"390",7,"DVD","Zona 15",1480,32
"391",4,"Radio","La Antigua",1225,31
"392",10,"Televisor","Zona 15",98,55
"393",11,"DVD","Zona 15",1344,34
"394",4,"DVD","Xela",1419,32
"395",1,"Celular","Miraflores",278,55
"396",3,"Televisor","Zona 15",174,57
"397",8,"Computadora","Amatitlán",2057,22
"398",7,"Cafetera","Zona 12",2032,17
"399",6,"Cafetera","Zona 12",1110,36
"400",2,"Bocina","Miraflores",383,60
"401",9,"Televisor","La Antigua",2843,22
"402",7,"Celular","Petapa",1033,28
"403",11,"Radio","Miraflores",583,60
"404",12,"Bocina","Petapa",321,41
"405",11,"Cafetera","Xela",152,53
"406",7,"Bocina","Zona 12",598,47
"407",10,"Celular","Zona 15",1146,30
"408",9,"Celular","Xela",2147,21
"409",12,"Radio","Oakland mall",441,58
"410",4,"Computadora","Zona 15",120,56
"411",9,"Televisor","Amatitlán",1462,16
"412",12,"Radio","Miraflores",895,34
"413",8,"Computadora","Zona 15",1454,35
"414",6,"Celular","Zona 15",41,50
"415",7,"Computadora","Oakland mall",618,38
"416",3,"Bocina","Oakland mall",548,34
"417",2,"Radio","La Antigua",1193,16
"418",10,"Televisor","Oakland mall",728,34
"419",1,"Consola","Oakland mall",428,46
"420",1,"Bocina","Petapa",122,49
"421",2,"Computadora","La Antigua",1072,27
"422",7,"Consola","Miraflores",101,45
"423",8,"Bocina","Petapa",69,60
"424",8,"Celular","Zona 15",2744,21
"425",3,"Computadora","Zona 15",1149,32
"426",1,"Bocina","Xela",1386,37
"427",1,"Celular","Petapa",1250,39
"428",7,"Cafetera","Oakland mall",1301,30
"429",12,"Radio","La Antigua",1031,31
"430",1,"Celular","La Antigua",392,47
"431",4,"Bocina","Petapa",293,58
"432",1,"Celular","Amatitlán",602,28
"433",6,"Radio","Xela",1231,31
"434",11,"Bocina","Petapa",1428,18
"435",5,"Celular","Amatitlán",1004,37
"436",1,"Bocina","Zona 12",307,45
"437",3,"Bocina","Amatitlán",2723,21
"438",2,"Bocina","Oakland mall",382,55
"439",7,"Consola","Zona 12",545,39
"440",7,"Consola","Zona 15",153,54
"441",5,"Celular","Zona 12",1328,24
"442",6,"DVD","Amatitlán",1196,29
"443",4,"Televisor","Amatitlán",972,31
"444",2,"Televisor","Xela",2336,15
"445",10,"Celular","Zona 15",214,40
"446",1,"Computadora","Amatitlán",2910,20
"447",10,"Celular","La Antigua",595,34
"448",11,"Computadora","Zona 12",1412,29
"449",12,"DVD","Zona 15",228,56
"450",12,"Radio","Xela",1854,15
"451",6,"Consola","La Antigua",149,57
"452",8,"Radio","Xela",442,48
"453",10,"Computadora","Zona 12",391,43
"454",1,"Consola","La Antigua",315,57
"455",7,"Televisor","La Antigua",411,47
"456",4,"Computadora","Xela",68,41
"457",11,"Bocina","Zona 12",515,43
"458",5,"Televisor","Miraflores",407,53
"459",2,"Bocina","Oakland mall",1123,30
"460",2,"Bocina","Amatitlán",274,50
"461",4,"Bocina","Zona 12",1422,36
"462",9,"Computadora","Zona 12",1061,26
"463",4,"DVD","Petapa",251,49
"464",1,"Bocina","Oakland mall",903,30
"465",6,"Televisor","Xela",1204,39
"466",8,"Consola","Amatitlán",459,46
"467",6,"Radio","Amatitlán",625,37
"468",3,"Bocina","Miraflores",1274,37
"469",5,"Bocina","Miraflores",497,57
"470",8,"Radio","La Antigua",939,30
"471",2,"Bocina","Petapa",544,45
"472",10,"Celular","Zona 15",1497,27
"473",5,"Computadora","Miraflores",1989,17
"474",7,"Radio","La Antigua",976,37
"475",11,"Bocina","Petapa",171,57
"476",12,"DVD","Xela",1039,23
"477",3,"Celular","Petapa",145,57
"478",6,"Bocina","Petapa",2919,23
"479",12,"Bocina","Xela",1796,23
"480",4,"Computadora","Oakland mall",1030,34
"481",11,NA,"Petapa",219,47
"482",7,"Televisor","Zona 12",228,48
"483",4,"Bocina","Petapa",1351,38
"484",9,"Computadora","Zona 15",410,49
"485",2,"Bocina","Amatitlán",2142,21
"486",1,"Televisor","Oakland mall",390,56
"487",5,"Bocina","La Antigua",2271,21
"488",7,"Computadora","Oakland mall",252,53
"489",5,"Bocina","Zona 15",1790,16
"490",5,"Bocina","Petapa",766,27
"491",12,"Radio","Oakland mall",106,53
"492",12,"Bocina","La Antigua",1399,21
"493",5,"Bocina","Oakland mall",1151,26
"494",1,"Bocina","Miraflores",226,55
"495",7,"Bocina","Oakland mall",713,30
"496",4,"Bocina","Zona 15",576,48
"497",4,"Bocina","Amatitlán",904,26
"498",8,"Consola","Xela",497,53
"499",3,"Bocina","Oakland mall",2339,21
"500",5,"Celular","Oakland mall",255,55
"501",1,"Celular","Xela",524,43
"502",3,"Bocina","Petapa",1300,31
"503",3,"Bocina","Petapa",1415,26
"504",2,"Celular","Petapa",50,25
"505",9,"Televisor","Miraflores",1316,23
"506",8,"Bocina","Miraflores",489,43
"507",3,"Celular","Zona 15",528,46
"508",2,"Celular","Xela",1959,19
"509",9,"DVD","Xela",2039,21
"510",4,"DVD","Zona 12",153,58
"511",3,"Radio","Amatitlán",99,52
"512",10,"Televisor","Amatitlán",1104,39
"513",1,"Celular","Oakland mall",1369,33
"514",6,"Cafetera","Petapa",656,35
"515",6,"Radio","Amatitlán",195,45
"516",1,"Radio","La Antigua",2765,15
"517",10,"Bocina","Miraflores",1457,35
"518",7,"Televisor","Miraflores",2988,22
"519",5,"DVD","Miraflores",542,34
"520",7,"Consola","Zona 15",322,54
"521",9,"Radio","Oakland mall",529,51
"522",3,"Celular","Oakland mall",591,52
"523",1,"Bocina","Xela",91,50
"524",9,"Televisor","Zona 15",379,47
"525",10,"Bocina","Miraflores",776,39
"526",3,"Radio","Petapa",2232,16
"527",4,"Bocina","Petapa",1338,32
"528",9,"Celular","Miraflores",725,26
"529",4,"Radio","Xela",537,54
"530",6,"Computadora","Zona 12",265,52
"531",4,"Radio","La Antigua",1218,36
"532",6,"Celular","La Antigua",1352,38
"533",12,"Radio","Oakland mall",551,26
"534",7,"Bocina","Xela",78,43
"535",11,"Bocina","Petapa",172,44
"536",12,"Cafetera","Miraflores",568,57
"537",4,"Televisor","Zona 12",741,38
"538",7,"Celular","Zona 12",94,58
"539",5,"Televisor","Amatitlán",337,56
"540",8,"Televisor","La Antigua",673,37
"541",6,"Consola","Amatitlán",439,52
"542",1,"Bocina","Xela",147,47
"543",12,"Bocina","Oakland mall",951,36
"544",12,"Radio","Xela",671,31
"545",1,"Computadora","Petapa",510,33
"546",10,"Televisor","Amatitlán",123,56
"547",1,"Celular","Xela",354,60
"548",7,"Celular","Xela",1320,26
"549",2,"Televisor","Amatitlán",1556,24
"550",2,"Radio","La Antigua",364,45
"551",2,"Celular","La Antigua",449,55
"552",4,"Celular","Amatitlán",310,42
"553",7,"Radio","La Antigua",119,50
"554",5,"DVD","Miraflores",524,44
"555",7,"Cafetera","Zona 15",743,32
"556",10,"DVD","Oakland mall",1658,23
"557",8,"Celular","Zona 15",1153,30
"558",12,"Bocina","Miraflores",504,30
"559",2,"Celular","Miraflores",342,42
"560",6,"Radio","Amatitlán",1131,31
"561",7,"Cafetera","Oakland mall",550,53
"562",9,"Bocina","Miraflores",839,39
"563",6,"Cafetera","La Antigua",1293,35
"564",6,"Bocina","La Antigua",411,49
"565",6,"Bocina","Miraflores",521,31
"566",12,"Televisor","Amatitlán",505,57
"567",2,"Computadora","Zona 15",2213,20
"568",6,"Computadora","Miraflores",2743,22
"569",2,"Bocina","Miraflores",2430,18
"570",2,"DVD","Zona 12",51,54
"571",1,"Bocina","Xela",308,25
"572",8,"Consola","Xela",1848,24
"573",7,"Bocina","Petapa",865,35
"574",2,"Radio","Oakland mall",410,51
"575",4,"Radio","Zona 12",700,33
"576",3,"Bocina","Amatitlán",2643,17
"577",1,"Consola","La Antigua",594,58
"578",5,"Radio","Zona 12",1446,18
"579",7,"DVD","Amatitlán",118,51
"580",6,"Bocina","Oakland mall",106,53
"581",10,"Computadora","Zona 12",973,29
"582",2,"Televisor","Oakland mall",533,52
"583",8,"Bocina","Zona 12",508,60
"584",9,"Bocina","Xela",87,58
"585",9,"Celular","Amatitlán",499,58
"586",7,"DVD","Zona 15",225,46
"587",11,"Computadora","Xela",427,57
"588",7,"Bocina","Oakland mall",20,56
"589",6,"Bocina","Petapa",518,45
"590",9,"Computadora","Xela",2788,16
"591",5,"Celular","Zona 12",1104,34
"592",9,"Bocina","Oakland mall",1731,18
"593",3,"Televisor","Amatitlán",1153,33
"594",7,"Celular","Petapa",1845,18
"595",6,"Radio","Amatitlán",1066,31
"596",11,"Computadora","Zona 15",717,29
"597",8,"Consola","Petapa",193,49
"598",4,"Bocina","Zona 12",192,47
"599",3,"Televisor","Zona 12",1077,32
"600",5,"Celular","Miraflores",420,58
"601",9,"Cafetera","La Antigua",154,44
"602",4,"Bocina","La Antigua",375,46
"603",12,NA,"Xela",66,40
"604",5,"Celular","Miraflores",131,57
"605",10,"Computadora","Petapa",1143,31
"606",1,"Televisor","Miraflores",1393,18
"607",1,"Televisor","Zona 12",2272,18
"608",2,"Computadora","La Antigua",118,59
"609",5,"DVD","Oakland mall",75,51
"610",8,"Bocina","Amatitlán",91,52
"611",11,"Celular","Oakland mall",98,54
"612",9,"Celular","Xela",3000,23
"613",8,"Computadora","Zona 15",2093,24
"614",11,"Computadora","Petapa",1003,32
"615",4,"Consola","Oakland mall",976,27
"616",12,"Bocina","Zona 12",263,54
"617",2,"Consola","Amatitlán",436,45
"618",7,"Televisor","Zona 12",41,50
"619",8,"Consola","Petapa",169,49
"620",4,"Televisor","Amatitlán",1136,38
"621",4,"Bocina","Miraflores",204,44
"622",4,"Televisor","Xela",880,27
"623",6,"Bocina","Zona 12",351,58
"624",5,"Bocina","Xela",687,38
"625",3,"Televisor","Oakland mall",798,33
"626",8,"Computadora","Miraflores",2588,18
"627",9,"Bocina","Petapa",368,58
"628",4,"Televisor","Zona 15",412,42
"629",2,"Televisor","Amatitlán",793,26
"630",2,"Televisor","Amatitlán",1284,26
"631",1,"Bocina","Amatitlán",2272,24
"632",9,"Computadora","Zona 12",334,47
"633",8,"Celular","Petapa",890,38
"634",3,"Televisor","Zona 15",1328,27
"635",1,"Computadora","Oakland mall",501,52
"636",2,"Radio","Oakland mall",2650,18
"637",8,"Celular","Petapa",456,25
"638",8,"Celular","Amatitlán",534,49
"639",6,"Televisor","Petapa",17620,16
"640",11,"Televisor","Miraflores",382,57
"641",2,"Celular","Zona 15",1250,38
"642",3,"Computadora","Zona 12",479,58
"643",6,"Radio","Amatitlán",296,41
"644",3,"Celular","La Antigua",572,48
"645",6,"Celular","Amatitlán",566,57
"646",9,"Radio","Zona 12",1356,17
"647",11,"Radio","Miraflores",562,54
"648",3,"Televisor","La Antigua",1527,19
"649",1,"Radio","Miraflores",1909,15
"650",6,"Celular","Zona 15",2663,18
"651",6,"Celular","Oakland mall",388,59
"652",3,"Bocina","Amatitlán",2601,18
"653",11,"Radio","Miraflores",540,51
"654",10,"Radio","Zona 15",1092,26
"655",4,"Televisor","Miraflores",2036,24
"656",11,"Consola","Xela",96,47
"657",7,"Celular","Miraflores",787,32
"658",6,"Computadora","Petapa",1215,20
"659",10,"DVD","La Antigua",2835,22
"660",3,"Televisor","Petapa",175,59
"661",3,"Bocina","Oakland mall",321,53
"662",6,"Cafetera","Amatitlán",2832,22
"663",4,"Celular","Amatitlán",290,49
"664",2,"Televisor","Petapa",1617,18
"665",12,"Radio","Miraflores",101,42
"666",3,"Televisor","Xela",199,25
"667",4,"Bocina","Zona 15",555,35
"668",1,"Bocina","La Antigua",2774,16
"669",9,"Bocina","Petapa",310,54
"670",11,"DVD","Zona 12",115,45
"671",5,"Celular","Zona 12",2544,24
"672",1,"Bocina","Zona 12",1024,37
"673",4,"Celular","Xela",2003,21
"674",10,"Radio","Miraflores",2380,18
"675",3,"DVD","Oakland mall",504,31
"676",4,"Consola","Petapa",1133,16
"677",10,"Computadora","Zona 12",2565,15
"678",10,"Computadora","La Antigua",1354,28
"679",9,"Bocina","Petapa",225,48
"680",3,"Bocina","La Antigua",1862,19
"681",4,"Bocina","Oakland mall",476,51
"682",6,"Televisor","Petapa",57,55
"683",12,"DVD","Oakland mall",1274,35
"684",3,"Televisor","Zona 15",1244,36
"685",7,"Televisor","Zona 15",222,44
"686",7,"Radio","Zona 12",38,42
"687",12,"Bocina","Oakland mall",552,40
"688",4,"Consola","Miraflores",2517,17
"689",6,"Bocina","La Antigua",446,53
"690",1,"Bocina","Amatitlán",485,59
"691",6,"Televisor","Xela",304,55
"692",4,"Televisor","Zona 12",565,44
"693",10,"Celular","Miraflores",119,56
"694",5,"Consola","Oakland mall",576,60
"695",4,"Televisor","Zona 12",225,44
"696",4,"Televisor","Oakland mall",73,50
"697",5,"Televisor","Xela",192,59
"698",9,"Computadora","Xela",254,58
"699",7,"Radio","Xela",206,49
"700",2,"Bocina","Amatitlán",45,41
"701",8,"Bocina","Amatitlán",236,58
"702",2,"Bocina","Petapa",1604,15
"703",5,"Computadora","Amatitlán",867,27
"704",10,"Televisor","Zona 12",354,51
"705",8,"Celular","Zona 12",1882,19
"706",8,NA,"Xela",1882,15
"707",2,"Celular","Xela",1347,32
"708",5,"DVD","Amatitlán",1577,16
"709",6,"Radio","Miraflores",514,48
"710",7,"Televisor","La Antigua",1414,29
"711",3,"Televisor","Zona 12",1174,32
"712",3,"Cafetera","Amatitlán",481,43
"713",9,"Celular","La Antigua",517,60
"714",1,"Televisor","Oakland mall",1816,20
"715",6,"Televisor","Amatitlán",51,53
"716",2,"Computadora","Oakland mall",1771,21
"717",2,"Bocina","Zona 12",40,56
"718",8,"Computadora","Xela",2529,20
"719",10,"Televisor","Zona 12",1440,39
"720",6,"Computadora","Xela",198,56
"721",1,"Celular","Zona 12",1201,24
"722",4,"Bocina","Zona 15",578,25
"723",2,"Celular","Zona 12",202,43
"724",4,"Televisor","La Antigua",84,44
"725",7,"Bocina","Oakland mall",1540,19
"726",11,"Cafetera","Miraflores",140,50
"727",10,"Bocina","Oakland mall",2682,23
"728",2,"Bocina","Amatitlán",457,44
"729",11,"Celular","Oakland mall",1670,17
"730",8,"Televisor","La Antigua",1401,38
"731",7,"Consola","Amatitlán",1484,37
"732",4,"Radio","Xela",1006,28
"733",9,"Bocina","Oakland mall",2680,16
"734",11,"Celular","Oakland mall",80,51
"735",10,"Radio","Amatitlán",475,48
"736",7,"Televisor","Xela",431,41
"737",2,"Computadora","Amatitlán",734,27
"738",4,"Bocina","Petapa",77,44
"739",12,"Televisor","Petapa",99,56
"740",10,"Consola","Zona 12",1398,29
"741",10,"Celular","Oakland mall",1065,27
"742",1,"Computadora","Zona 15",1155,20
"743",5,"Computadora","Amatitlán",1362,32
"744",12,"Computadora","Oakland mall",389,55
"745",7,"Consola","Miraflores",197,51
"746",7,"Bocina","Zona 15",348,47
"747",5,"Celular","Amatitlán",959,31
"748",10,"Cafetera","Amatitlán",499,25
"749",12,"Radio","Amatitlán",1640,17
"750",2,"Bocina","Zona 15",1435,35
"751",8,"Bocina","Zona 15",1086,36
"752",2,"Computadora","Xela",205,53
"753",6,"Radio","Amatitlán",576,34
"754",6,"Celular","Xela",917,31
"755",5,"Computadora","Zona 12",441,57
"756",10,"Celular","La Antigua",725,29
"757",1,"Celular","Oakland mall",523,49
"758",4,"Bocina","Zona 15",1392,26
"759",7,"Bocina","Amatitlán",706,31
"760",11,"Radio","Amatitlán",262,41
"761",2,"Celular","Zona 12",2042,21
"762",1,"Televisor","Xela",410,41
"763",7,"Televisor","Amatitlán",1647,20
"764",7,"Radio","Zona 15",198,56
"765",7,"Radio","Zona 15",717,34
"766",9,"Consola","Amatitlán",505,41
"767",12,"Radio","Petapa",2917,17
"768",8,"Computadora","Oakland mall",275,60
"769",3,"Consola","Petapa",2278,23
"770",6,"Televisor","Xela",1112,16
"771",1,"DVD","Petapa",300,58
"772",3,"Computadora","Miraflores",744,32
"773",5,"Radio","Amatitlán",2526,17
"774",11,"Consola","Oakland mall",97,46
"775",8,"Consola","La Antigua",1412,39
"776",1,"Celular","Miraflores",885,34
"777",3,"Cafetera","Oakland mall",588,48
"778",8,"Consola","Amatitlán",331,44
"779",5,"DVD","Zona 12",309,52
"780",11,"Computadora","Petapa",1303,34
"781",7,"DVD","Amatitlán",874,27
"782",7,"Televisor","Amatitlán",439,58
"783",5,"Radio","Zona 15",1410,21
"784",5,"Bocina","Miraflores",376,43
"785",10,"Radio","Amatitlán",59,58
"786",2,"Bocina","Miraflores",1392,17
"787",5,"Celular","Zona 15",2178,18
"788",5,"Radio","Zona 15",88,47
"789",8,"Computadora","La Antigua",983,34
"790",3,"Bocina","Zona 12",1342,23
"791",10,"Celular","La Antigua",41,60
"792",3,"Celular","La Antigua",450,55
"793",7,"Televisor","Oakland mall",222,53
"794",10,"Computadora","Zona 12",1421,28
"795",8,"Bocina","Petapa",70,43
"796",7,"Celular","Zona 12",263,43
"797",6,"Celular","La Antigua",1020,36
"798",9,"Computadora","La Antigua",2377,21
"799",9,"Radio","Amatitlán",277,47
"800",6,"Televisor","La Antigua",562,55
"801",7,"Televisor","La Antigua",454,45
"802",7,"Cafetera","Zona 12",1085,29
"803",4,"Radio","Amatitlán",195,46
"804",1,"DVD","Zona 15",437,40
"805",9,"Computadora","La Antigua",1314,19
"806",6,"Televisor","Amatitlán",568,46
"807",10,"Consola","Amatitlán",1298,35
"808",5,NA,"Amatitlán",995,39
"809",9,"Bocina","Amatitlán",1113,35
"810",12,"Televisor","Amatitlán",490,57
"811",8,"Televisor","Oakland mall",149,54
"812",9,"Computadora","Miraflores",1070,37
"813",4,"DVD","Zona 12",121,60
"814",11,"Celular","Zona 12",532,39
"815",1,"Televisor","Xela",1412,35
"816",10,"Celular","Xela",566,60
"817",11,"Radio","Petapa",455,56
"818",4,"Bocina","La Antigua",590,57
"819",3,"Radio","Zona 12",479,60
"820",12,"Celular","Miraflores",502,41
"821",3,"Celular","Petapa",255,47
"822",11,"Bocina","Oakland mall",2964,17
"823",6,"Celular","La Antigua",710,30
"824",3,"Televisor","Oakland mall",2966,19
"825",10,"Celular","La Antigua",879,35
"826",1,"Bocina","Zona 15",845,36
"827",1,"Celular","Zona 15",428,48
"828",2,"Televisor","La Antigua",149,56
"829",5,"Cafetera","Zona 15",818,37
"830",7,"Computadora","Zona 12",1000,22
"831",6,"Computadora","Amatitlán",2280,21
"832",5,"Bocina","Amatitlán",943,30
"833",4,"Radio","Petapa",247,57
"834",6,"Cafetera","Zona 15",1443,22
"835",5,"DVD","Zona 15",1398,31
"836",4,"Bocina","Oakland mall",374,45
"837",12,"Televisor","Zona 12",405,47
"838",12,"Radio","Zona 15",1275,32
"839",12,"Consola","Zona 12",1021,37
"840",12,"Consola","Xela",389,48
"841",2,"Bocina","Petapa",64,53
"842",8,"Computadora","Zona 15",550,52
"843",10,"Computadora","Zona 12",1327,28
"844",7,"Celular","Miraflores",223,56
"845",5,"Bocina","Miraflores",1837,15
"846",10,"Celular","Zona 15",1179,27
"847",12,"Radio","Miraflores",108,59
"848",6,"Bocina","Zona 15",116,54
"849",5,"Computadora","Zona 15",1277,38
"850",2,"Consola","Zona 12",187,41
"851",2,"Celular","Petapa",905,37
"852",10,"Celular","Zona 15",1391,37
"853",3,"Televisor","La Antigua",1895,23
"854",8,"Radio","Zona 15",403,44
"855",8,"Computadora","Petapa",692,26
"856",10,"Computadora","Amatitlán",1339,39
"857",11,"Radio","Amatitlán",1150,36
"858",3,"Televisor","Zona 15",111,25
"859",12,"Bocina","Xela",292,57
"860",4,"Radio","La Antigua",64,54
"861",10,"Celular","Miraflores",526,52
"862",9,"Computadora","Zona 12",467,40
"863",12,"Consola","Petapa",1050,15
"864",3,"Celular","Amatitlán",2899,15
"865",8,"Computadora","Amatitlán",415,42
"866",9,"Bocina","Zona 12",36,58
"867",5,"Celular","Amatitlán",1345,33
"868",6,"Radio","Petapa",867,35
"869",4,"Celular","Xela",474,49
"870",10,NA,"Xela",525,50
"871",4,"Bocina","La Antigua",2746,15
"872",11,"Computadora","Petapa",337,52
"873",11,"Televisor","Oakland mall",757,33
"874",5,"Televisor","Zona 12",510,43
"875",3,"Radio","Oakland mall",2237,15
"876",10,"Televisor","Petapa",179,57
"877",12,"Radio","Xela",352,41
"878",5,"Televisor","Zona 12",1123,17
"879",1,"DVD","Amatitlán",159,59
"880",1,"Bocina","La Antigua",755,32
"881",5,"Celular","Xela",546,55
"882",2,"Bocina","Zona 12",709,30
"883",11,"Bocina","Xela",1153,27
"884",1,"Televisor","Zona 12",2125,15
"885",4,"Radio","Zona 15",1222,29
"886",6,"Radio","Zona 15",581,30
"887",5,"Computadora","Amatitlán",1112,32
"888",10,"Celular","La Antigua",390,43
"889",5,"Bocina","Zona 12",819,28
"890",2,"Celular","Xela",2388,21
"891",3,"Bocina","Oakland mall",2210,21
"892",6,"Celular","La Antigua",1222,36
"893",11,"Televisor","Petapa",596,41
"894",5,"Televisor","La Antigua",2793,17
"895",10,"Celular","Oakland mall",1261,31
"896",8,"Consola","La Antigua",1135,34
"897",9,"Bocina","Miraflores",1638,20
"898",10,"Radio","Zona 12",730,36
"899",1,"Celular","Miraflores",639,29
"900",12,"Celular","Miraflores",123,49
"901",6,"Celular","Zona 15",668,38
"902",5,"Radio","Amatitlán",1096,35
"903",12,"Consola","Miraflores",550,46
"904",11,"Celular","Zona 15",429,40
"905",11,"Radio","Miraflores",586,39
"906",6,"Bocina","La Antigua",412,47
"907",3,"Computadora","Petapa",456,44
"908",10,"Computadora","La Antigua",518,30
"909",3,"Radio","Miraflores",465,56
"910",5,"Bocina","Zona 12",103,44
"911",12,"Celular","Oakland mall",363,55
"912",2,"Radio","La Antigua",780,27
"913",6,"Televisor","Zona 12",579,47
"914",10,"Bocina","Petapa",299,54
"915",9,"Consola","Petapa",1255,29
"916",3,"Celular","Petapa",923,31
"917",5,"Computadora","Amatitlán",350,58
"918",11,"Bocina","Zona 12",544,46
"919",7,"Bocina","Petapa",514,41
"920",9,"Televisor","Xela",1064,28
"921",11,"Bocina","Oakland mall",973,26
"922",5,"Bocina","La Antigua",539,44
"923",7,"Bocina","Petapa",1293,37
"924",6,"Celular","Miraflores",467,52
"925",7,"DVD","Miraflores",386,44
"926",12,"Celular","Petapa",531,54
"927",5,"Cafetera","Zona 12",387,50
"928",7,"Bocina","Zona 15",393,46
"929",4,"Celular","Miraflores",168,57
"930",5,"Celular","Miraflores",89,47
"931",12,"Televisor","Miraflores",160,40
"932",2,"Bocina","La Antigua",512,43
"933",9,"Computadora","Miraflores",1385,38
"934",12,"Televisor","Miraflores",1169,35
"935",1,"Televisor","Xela",151,47
"936",5,"Celular","Zona 12",286,43
"937",7,"Computadora","Xela",155,57
"938",8,"Computadora","Zona 15",2457,20
"939",10,"Radio","La Antigua",1575,15
"940",3,"Computadora","Zona 12",2597,22
"941",8,"Televisor","Miraflores",305,49
"942",5,"Televisor","Xela",991,38
"943",2,"Bocina","Amatitlán",355,46
"944",10,"Computadora","Oakland mall",1492,35
"945",1,"Bocina","La Antigua",62,40
"946",3,"Televisor","Petapa",365,44
"947",9,"Televisor","Miraflores",442,57
"948",12,"DVD","Petapa",2155,24
"949",11,"Computadora","Miraflores",492,48
"950",6,"Computadora","Oakland mall",149,50
"951",8,"Televisor","Petapa",530,29
"952",3,"Computadora","Zona 12",645,32
"953",1,"Cafetera","Oakland mall",766,34
"954",8,"Bocina","Miraflores",883,28
"955",9,"Celular","Zona 15",198,42
"956",12,"Bocina","La Antigua",2245,21
"957",10,"Celular","La Antigua",727,35
"958",9,"Celular","Zona 15",550,32
"959",5,"Radio","Zona 12",197,46
"960",6,"Computadora","Amatitlán",1133,33
"961",11,"Cafetera","Zona 15",2425,15
"962",9,"Computadora","Oakland mall",1862,23
"963",4,"Radio","Zona 15",2564,16
"964",4,"Radio","La Antigua",101,58
"965",3,"Bocina","La Antigua",1889,20
"966",1,"Radio","Petapa",2333,23
"967",1,"Computadora","Zona 15",537,55
"968",4,"Radio","Xela",1322,33
"969",1,"Computadora","Oakland mall",224,55
"970",12,"Celular","Zona 12",424,44
"971",7,"Televisor","Xela",515,50
"972",8,NA,"Petapa",1092,28
"973",11,"Celular","Oakland mall",1022,37
"974",4,"Celular","Xela",605,38
"975",10,"Televisor","Amatitlán",1463,26
"976",10,"Bocina","La Antigua",312,47
"977",6,"Televisor","Petapa",1647,21
"978",9,"Bocina","Petapa",324,50
"979",2,"Bocina","Zona 15",1022,19
"980",2,"Televisor","La Antigua",271,25
"981",1,"Celular","Amatitlán",333,58
"982",2,"Televisor","Miraflores",328,57
"983",1,"Celular","La Antigua",585,38
"984",7,"Celular","Petapa",439,48
"985",2,"DVD","Amatitlán",104,43
"986",1,"Consola","Petapa",1303,30
"987",4,"Computadora","Oakland mall",1303,32
"988",1,"Bocina","Xela",1208,27
"989",4,"Bocina","Zona 15",2275,24
"990",4,"Bocina","Miraflores",749,28
"991",4,"Televisor","Miraflores",1293,28
"992",9,"Bocina","Amatitlán",315,57
"993",7,"Radio","Amatitlán",1492,35
"994",4,"Computadora","Oakland mall",334,41
"995",7,"Bocina","Xela",92,51
"996",7,"Computadora","Amatitlán",86,50
"997",7,"Bocina","Oakland mall",2149,18
"998",1,"Bocina","Zona 15",23,59
"999",1,"Televisor","Amatitlán",157,43
"1000",1,"Computadora","Petapa",572,52
"1001",1,"Bocina","Amatitlán",1184,16
"1002",1,"Radio","Petapa",1072,33
"1003",1,"Celular","La Antigua",1049,28
"1004",1,"Televisor","Oakland mall",141,43
"1005",1,"Celular","Amatitlán",655,29
"1006",1,"Celular","Zona 15",143,25
"1007",1,"Celular","Zona 15",331,47
"1008",2,"Celular","Oakland mall",492,44
"1009",2,"Computadora","Xela",1371,26
"1010",2,"Bocina","Xela",1203,36
"1011",3,"Bocina","Amatitlán",532,38
"1012",3,"Radio","Oakland mall",168,57
"1013",3,"Computadora","Miraflores",159,54
"1014",3,"Computadora","Zona 15",852,31
"1015",4,"Computadora","Xela",1157,15
"1016",4,"Computadora","Zona 12",2790,18
"1017",5,"Celular","Zona 15",477,57
"1018",5,"Celular","Xela",79,42
"1019",5,"Computadora","Zona 12",2412,17
"1020",5,"Televisor","Amatitlán",1372,31
"1021",5,"Bocina","La Antigua",2577,15
"1022",6,"Celular","Miraflores",231,55
"1023",6,"Televisor","Zona 15",2084,21
"1024",6,"Celular","Oakland mall",641,38
"1025",6,"Celular","Zona 12",1012,36
"1026",6,"Bocina","La Antigua",1868,19
"1027",6,"Celular","Oakland mall",436,57
"1028",6,"Radio","Zona 15",1113,21
"1029",7,"Celular","Miraflores",457,56
"1030",7,"Televisor","Zona 15",1456,15
"1031",7,"Celular","Oakland mall",509,58
"1032",7,"Celular","Amatitlán",378,49
"1033",7,"Celular","Zona 12",2964,23
"1034",7,"Bocina","Zona 12",2533,22
"1035",7,"Bocina","Xela",293,44
"1036",7,"Celular","La Antigua",1938,24
"1037",8,"Bocina","Zona 15",161,56
"1038",8,"Bocina","Oakland mall",151,51
"1039",8,"Radio","Petapa",550,55
"1040",8,"Bocina","Xela",605,32
"1041",8,"Bocina","Zona 15",840,31
"1042",8,"Computadora","Zona 15",462,44
"1043",8,"Televisor","Petapa",284,40
"1044",8,"Bocina","Petapa",1801,24
"1045",9,"Computadora","Miraflores",105,49
"1046",9,"Radio","Zona 12",34,40
"1047",9,"Computadora","Xela",788,29
"1048",9,"Computadora","Petapa",540,49
"1049",9,"Celular","Petapa",1225,27
"1050",9,"Computadora","La Antigua",396,41
"1051",9,"Celular","Xela",1155,28
"1052",9,"Computadora","Amatitlán",1078,26
"1053",9,"Bocina","Amatitlán",291,56
"1054",9,"Computadora","Miraflores",914,26
"1055",9,"Celular","Zona 12",903,30
"1056",9,NA,"Petapa",1446,31
"1057",10,"Bocina","Zona 12",589,55
"1058",10,"Celular","Xela",104,49
"1059",10,"Televisor","Petapa",966,27
"1060",10,"Celular","Zona 15",409,60
"1061",10,"Radio","Zona 12",1062,35
"1062",10,"Computadora","Petapa",101,40
"1063",10,"Celular","La Antigua",2341,15
"1064",10,"Radio","Zona 15",1379,27
"1065",11,"Televisor","La Antigua",1517,20
"1066",11,"Computadora","Oakland mall",35,49
"1067",11,"Radio","Oakland mall",1461,31
"1068",11,"Computadora","Zona 12",585,44
"1069",11,"Radio","Oakland mall",2654,21
"1070",11,"Celular","Amatitlán",1188,34
"1071",11,"Radio","Xela",555,28
"1072",11,"Celular","Miraflores",746,34
"1073",11,"Bocina","Zona 12",2553,21
"1074",11,"Bocina","Oakland mall",557,55
"1075",11,"Celular","Zona 15",118,59
"1076",12,"Celular","Petapa",548,35
"1077",12,"Bocina","Zona 15",240,49
"1078",12,"Celular","Miraflores",2295,21
"1079",12,"Televisor","Oakland mall",1113,15
"1080",12,"Computadora","La Antigua",543,50
"1081",12,"Bocina","Zona 12",1899,17
"1082",12,"Bocina","Zona 12",2696,16
"1083",12,"Computadora","La Antigua",2033,21
"1084",12,"Celular","La Antigua",624,28
"1085",12,"Celular","Zona 12",759,38
"1086",12,"Bocina","Amatitlán",1866,21
"1087",12,"Computadora","Zona 12",690,33
"1088",12,"Radio","Xela",534,52
"1089",12,"Celular","Miraflores",2634,24
"1090",12,"Celular","Oakland mall",600,42
"1091",1,"Radio","Xela",660,36
"1092",1,"Radio","Amatitlán",126,41
"1093",1,"Televisor","Xela",1478,34
"1094",1,"Celular","Xela",1084,24
"1095",1,"Radio","Amatitlán",632,33
"1096",1,"Bocina","Petapa",59,51
"1097",1,"Computadora","Xela",141,55
"1098",1,"Bocina","Oakland mall",621,36
"1099",1,"Computadora","Amatitlán",934,29
"1100",1,"Computadora","Xela",742,39
"1101",1,"Bocina","Xela",302,45
"1102",1,"Radio","Zona 12",2069,15
"1103",1,"Celular","Oakland mall",1372,30
"1104",2,"Computadora","Petapa",1417,29
"1105",2,"Televisor","Xela",2862,18
"1106",2,"Televisor","Zona 15",52,42
"1107",2,"Computadora","Miraflores",2210,15
"1108",2,"Celular","Amatitlán",857,29
"1109",2,"Computadora","Xela",3000,16
"1110",2,"Celular","Zona 12",566,29
"1111",2,"Radio","Zona 15",343,44
"1112",2,"Computadora","Xela",2998,23
"1113",3,"Celular","Zona 12",520,35
"1114",3,"Televisor","Petapa",458,53
"1115",3,"Bocina","Xela",366,55
"1116",3,"Bocina","Amatitlán",283,60
"1117",3,"Celular","Amatitlán",2166,22
"1118",3,"Computadora","La Antigua",1110,29
"1119",3,"Radio","La Antigua",611,27
"1120",3,"Celular","Petapa",284,41
"1121",3,"Televisor","Xela",545,25
"1122",4,"Computadora","Petapa",2485,17
"1123",4,"Radio","Oakland mall",142,57
"1124",4,"Radio","Zona 15",188,42
"1125",4,"Computadora","La Antigua",238,47
"1126",4,"Celular","La Antigua",398,51
"1127",4,"Bocina","Oakland mall",2863,17
"1128",4,"Bocina","Petapa",249,42
"1129",4,"Bocina","La Antigua",382,48
"1130",4,"Celular","Miraflores",1736,19
"1131",4,"Celular","Miraflores",664,34
"1132",4,"Bocina","Miraflores",313,60
"1133",4,"Celular","Zona 15",2523,22
"1134",4,"Bocina","La Antigua",125,41
"1135",5,"Celular","Petapa",191,55
"1136",5,"Celular","Petapa",586,49
"1137",5,"Radio","Xela",2194,16
"1138",5,NA,"Oakland mall",247,52
"1139",5,"Radio","Xela",230,56
"1140",5,"Bocina","Amatitlán",200,40
"1141",5,"Bocina","Petapa",589,41
"1142",5,"Bocina","Petapa",395,25
"1143",5,"Computadora","Oakland mall",238,40
"1144",5,"Bocina","La Antigua",279,41
"1145",5,"Celular","Xela",603,39
"1146",5,"Radio","Miraflores",1160,31
"1147",6,"Bocina","Zona 12",2685,23
"1148",6,"Televisor","Oakland mall",564,48
"1149",6,"Televisor","La Antigua",233,50
"1150",6,"Computadora","La Antigua",532,31
"1151",6,"Bocina","Amatitlán",182,40
"1152",6,"Bocina","Zona 15",449,56
"1153",6,"Radio","Amatitlán",596,60
"1154",6,"DVD","Xela",1839,15
"1155",6,"Computadora","Petapa",206,49
"1156",6,"Televisor","Xela",312,46
"1157",6,"Televisor","Miraflores",270,46
"1158",6,"Computadora","La Antigua",584,59
"1159",6,"Bocina","Zona 12",920,38
"1160",6,"Celular","Zona 12",360,46
"1161",7,"Bocina","Petapa",697,27
"1162",7,"Bocina","Zona 12",783,28
"1163",7,"Radio","La Antigua",2775,23
"1164",7,"Bocina","Amatitlán",551,46
"1165",7,"Bocina","Miraflores",610,31
"1166",7,"Radio","Oakland mall",2522,24
"1167",7,"Celular","Amatitlán",143,49
"1168",7,"Bocina","Miraflores",1619,18
"1169",7,"Computadora","Xela",415,25
"1170",7,"Televisor","Oakland mall",1630,19
"1171",7,"Bocina","Xela",704,30
"1172",8,"Televisor","La Antigua",408,56
"1173",8,"Bocina","Zona 15",1306,16
"1174",8,"Televisor","La Antigua",570,52
"1175",8,"Televisor","Xela",1621,17
"1176",8,"Computadora","Zona 15",880,37
"1177",8,"Televisor","Xela",229,53
"1178",8,"Bocina","Petapa",248,45
"1179",8,"Celular","Petapa",2476,21
"1180",8,"Bocina","Petapa",64,25
"1181",8,"Celular","La Antigua",68,44
"1182",8,"Computadora","Petapa",592,44
"1183",8,"Bocina","Oakland mall",411,53
"1184",8,"Celular","Petapa",2449,24
"1185",9,"Televisor","La Antigua",884,37
"1186",9,"Bocina","Zona 12",595,60
"1187",9,"Televisor","Miraflores",2329,19
"1188",9,"Celular","Zona 12",859,30
"1189",9,"Celular","Petapa",1186,39
"1190",10,"Bocina","Zona 12",597,58
"1191",10,"Celular","La Antigua",2247,17
"1192",10,"Computadora","Zona 12",2289,19
"1193",10,"Celular","Petapa",317,53
"1194",10,"Bocina","La Antigua",1220,37
"1195",10,"Televisor","Xela",211,49
"1196",10,"Radio","Miraflores",583,44
"1197",10,"Celular","Xela",258,40
"1198",10,"Bocina","Miraflores",1391,39
"1199",11,"Televisor","Zona 15",535,51
"1200",11,"Televisor","Xela",139,58
"1201",11,"Bocina","Oakland mall",248,42
"1202",11,"Televisor","Miraflores",809,34
"1203",11,"Televisor","Zona 12",1031,24
"1204",11,"Televisor","Zona 12",385,25
"1205",11,"Televisor","Miraflores",1091,39
"1206",11,"Celular","Xela",162,44
"1207",11,"Bocina","Xela",785,39
"1208",11,"Celular","Amatitlán",549,50
"1209",12,"Radio","Miraflores",72,58
"1210",12,"Celular","La Antigua",1312,17
"1211",12,"Computadora","Petapa",1247,17
"1212",12,"Celular","Petapa",2673,19
"1213",12,"Radio","La Antigua",1387,21
"1214",12,"Televisor","Oakland mall",544,52
"1215",12,"Televisor","La Antigua",194,42
"1216",12,"Televisor","Xela",1055,29
"1217",12,"Televisor","Xela",1067,33
"1218",12,"Computadora","Amatitlán",836,26
"1219",12,"Televisor","La Antigua",604,31
"1220",12,"Bocina","Miraflores",1377,17
"1221",12,"Radio","Miraflores",385,53
"1222",12,"Computadora","Zona 12",549,29
"1223",1,"Bocina","Zona 15",27,54
"1224",1,"Bocina","Oakland mall",150,58
"1225",1,"Radio","Oakland mall",1113,26
"1226",1,"Celular","Amatitlán",1879,16
"1227",1,"Bocina","Petapa",174,47
"1228",1,"Bocina","Amatitlán",1362,20
"1229",1,"Computadora","Zona 12",949,34
"1230",1,"Bocina","Amatitlán",437,55
"1231",1,"Bocina","Zona 15",297,57
"1232",1,"Bocina","La Antigua",296,45
"1233",1,"Celular","La Antigua",95,56
"1234",1,"Computadora","Zona 12",285,56
"1235",1,"Bocina","Xela",181,52
"1236",2,"Bocina","Petapa",387,52
"1237",2,"Bocina","Zona 15",490,56
"1238",2,"Celular","Oakland mall",1209,30
"1239",2,"Computadora","Xela",401,50
"1240",2,"Celular","La Antigua",508,40
"1241",2,"Computadora","Petapa",2361,19
"1242",2,"Radio","La Antigua",219,45
"1243",2,NA,"La Antigua",39,54
"1244",2,"Televisor","Petapa",364,51
"1245",2,"Radio","Zona 15",1456,37
"1246",2,"Televisor","Zona 15",362,40
"1247",3,"Televisor","Zona 15",531,27
"1248",3,"Computadora","Oakland mall",200,25
"1249",3,"Televisor","Zona 15",471,57
"1250",3,"Televisor","Zona 12",2277,17
"1251",3,"Televisor","Xela",791,28
"1252",3,"Bocina","Miraflores",268,52
"1253",3,"Televisor","Xela",64,46
"1254",3,"Televisor","Zona 15",509,54
"1255",3,"Bocina","Petapa",632,38
"1256",3,"Bocina","Miraflores",542,41
"1257",4,"Televisor","Zona 12",162,53
"1258",4,"Bocina","Zona 12",1161,38
"1259",4,"Celular","Petapa",364,43
"1260",4,"Consola","Miraflores",817,36
"1261",4,"Bocina","Zona 15",113,59
"1262",4,"Celular","Oakland mall",514,40
"1263",4,"Consola","Xela",39,25
"1264",4,"Radio","Miraflores",238,25
"1265",4,"Televisor","La Antigua",2247,22
"1266",4,"Televisor","Xela",314,47
"1267",4,"Computadora","Petapa",597,53
"1268",5,"Celular","Zona 15",369,41
"1269",5,"Celular","Zona 12",239,54
"1270",5,"Bocina","Amatitlán",1158,28
"1271",5,"Televisor","Amatitlán",156,58
"1272",5,"Televisor","Zona 15",1998,24
"1273",5,"Televisor","Oakland mall",1319,34
"1274",5,"Consola","Zona 12",903,32
"1275",5,"Televisor","Zona 12",965,26
"1276",6,"Bocina","Zona 15",825,33
"1277",6,"Consola","Zona 12",317,45
"1278",6,"Computadora","Xela",558,36
"1279",6,"Bocina","Oakland mall",100,56
"1280",6,"Computadora","Petapa",1125,17
"1281",6,"Bocina","Oakland mall",559,51
"1282",6,"Bocina","Zona 15",161,47
"1283",6,"Televisor","Zona 15",1488,16
"1284",6,"Bocina","Xela",248,40
"1285",6,"Radio","La Antigua",2107,17
"1286",7,"Radio","Miraflores",520,52
"1287",7,"Bocina","Petapa",2010,19
"1288",7,"Televisor","Miraflores",1299,28
"1289",7,"Televisor","Oakland mall",522,41
"1290",7,"Consola","Zona 12",798,29
"1291",7,"Consola","Xela",485,47
"1292",7,"Computadora","Amatitlán",194,44
"1293",7,"Computadora","Oakland mall",542,34
"1294",7,"Televisor","Zona 15",1457,28
"1295",8,"Computadora","Zona 15",2904,20
"1296",8,"Radio","Zona 12",505,60
"1297",8,"Televisor","Zona 15",2328,18
"1298",8,"Computadora","Petapa",35,57
"1299",8,"Computadora","Zona 12",2726,22
"1300",8,"Consola","Xela",322,42
"1301",8,"Bocina","Xela",1449,26
"1302",8,"Computadora","Amatitlán",1455,30
"1303",8,"Televisor","Amatitlán",98,52
"1304",8,"Bocina","Amatitlán",598,60
"1305",9,"Bocina","Miraflores",802,33
"1306",9,NA,"Oakland mall",252,56
"1307",9,"Computadora","Miraflores",1784,20
"1308",9,"Celular","Zona 15",848,31
"1309",9,"Celular","La Antigua",274,59
"1310",9,"Computadora","Amatitlán",671,28
"1311",9,"Bocina","Amatitlán",582,47
"1312",9,"Celular","Miraflores",151,52
"1313",9,"Televisor","Oakland mall",1107,32
"1314",9,"Celular","Zona 15",907,34
"1315",9,"Televisor","Amatitlán",26,60
"1316",10,"Radio","La Antigua",1012,31
"1317",10,"Consola","La Antigua",725,33
"1318",10,"Consola","Zona 12",2240,17
"1319",10,"Bocina","Petapa",654,36
"1320",10,"Bocina","Xela",551,57
"1321",10,"Bocina","Miraflores",390,53
"1322",10,"Televisor","La Antigua",2370,21
"1323",10,"Radio","Miraflores",1246,21
"1324",10,"Celular","Zona 12",269,53
"1325",10,"Televisor","Amatitlán",742,38
"1326",10,"Radio","Amatitlán",269,60
"1327",10,"Televisor","Miraflores",1196,28
"1328",10,"Televisor","Zona 15",1201,26
"1329",10,"Televisor","La Antigua",591,44
"1330",11,"Celular","Xela",357,45
"1331",11,"Bocina","Amatitlán",384,40
"1332",11,"Celular","Amatitlán",2185,23
"1333",11,"Computadora","Zona 12",1456,37
"1334",11,"Bocina","Zona 15",1094,31
"1335",11,"Bocina","Miraflores",254,47
"1336",11,"Consola","Xela",384,50
"1337",11,"Radio","Xela",214,51
"1338",11,"Radio","Zona 15",213,48
"1339",11,"Computadora","Miraflores",845,38
"1340",11,"Televisor","Miraflores",2020,23
"1341",11,"Televisor","Miraflores",166,57
"1342",11,"Radio","Zona 15",1388,20
"1343",11,"Consola","Miraflores",172,56
"1344",12,"Computadora","Xela",103,59
"1345",12,"DVD","Miraflores",60,41
"1346",12,"Radio","Zona 15",1881,23
"1347",12,"Bocina","Petapa",2305,16
"1348",12,"Computadora","Miraflores",1150,36
"1349",12,"Bocina","Zona 12",833,33
"1350",12,"Computadora","Petapa",1019,35
"1351",12,"DVD","Amatitlán",1024,38
"1352",12,"Bocina","La Antigua",186,49
"1353",12,"Bocina","Oakland mall",449,58
"1354",12,"Radio","La Antigua",535,42
"1355",1,"Celular","Xela",1033,34
"1356",1,"Computadora","Oakland mall",1291,26
"1357",1,"DVD","Zona 15",449,53
"1358",1,"Bocina","Xela",311,44
"1359",1,"Radio","Oakland mall",158,53
"1360",1,"DVD","Miraflores",418,42
"1361",1,"Bocina","Zona 12",24,56
"1362",2,"Computadora","Zona 15",552,45
"1363",2,"Celular","Amatitlán",134,42
"1364",2,"Bocina","Amatitlán",1039,17
"1365",2,"DVD","Oakland mall",522,34
"1366",2,"DVD","Zona 12",1667,24
"1367",2,"Celular","Zona 12",542,41
"1368",2,"Bocina","Zona 12",108,54
"1369",2,"Bocina","Zona 15",1434,19
"1370",2,"Consola","Miraflores",859,39
"1371",2,"Bocina","Petapa",2756,19
"1372",3,"Bocina","Zona 12",545,44
"1373",3,"Computadora","Amatitlán",1027,37
"1374",3,"Celular","Miraflores",2708,16
"1375",3,"Consola","La Antigua",1068,30
"1376",4,"Radio","Petapa",2839,17
"1377",4,"Computadora","Zona 12",2137,18
"1378",4,"Celular","Zona 12",580,46
"1379",4,"Consola","Petapa",580,46
"1380",4,"Bocina","Zona 15",500,31
"1381",4,"DVD","Oakland mall",423,46
"1382",4,"Consola","Oakland mall",217,53
"1383",5,"Bocina","Amatitlán",109,50
"1384",5,"Bocina","Xela",1499,24
"1385",5,"Computadora","Miraflores",229,58
"1386",5,"Bocina","Petapa",313,48
"1387",5,"Bocina","Petapa",507,43
"1388",5,"Celular","Oakland mall",2413,16
"1389",6,"Televisor","La Antigua",585,53
"1390",6,"Televisor","Zona 15",169,53
"1391",6,"Consola","Oakland mall",909,39
"1392",6,"Consola","Zona 15",266,25
"1393",6,"Cafetera","Amatitlán",1169,36
"1394",6,"Bocina","La Antigua",106,46
"1395",6,"Televisor","Xela",175,56
"1396",6,"Cafetera","Petapa",517,50
"1397",6,"Celular","Zona 12",1223,32
"1398",6,"Radio","Oakland mall",2783,22
"1399",6,"DVD","Petapa",2853,21
"1400",7,"DVD","La Antigua",362,59
"1401",7,"Radio","Xela",2062,17
"1402",7,"Celular","La Antigua",658,29
"1403",7,"Consola","La Antigua",1000,39
"1404",7,"Radio","La Antigua",980,33
"1405",7,"Computadora","Zona 12",1360,17
"1406",7,"Bocina","Oakland mall",1132,26
"1407",7,"Consola","Miraflores",439,53
"1408",7,"Celular","La Antigua",134,53
"1409",7,"Radio","Oakland mall",533,25
"1410",7,"Bocina","Petapa",42,40
"1411",7,NA,"Xela",591,48
"1412",8,"DVD","La Antigua",366,59
"1413",8,"Celular","Miraflores",773,26
"1414",8,"Radio","Amatitlán",1198,29
"1415",8,"Computadora","Zona 15",241,56
"1416",8,"Computadora","Miraflores",536,51
"1417",8,"Televisor","Zona 15",252,51
"1418",8,"Consola","La Antigua",296,55
"1419",8,"DVD","Xela",1690,19
"1420",8,"Consola","Amatitlán",1875,15
"1421",8,"Celular","Oakland mall",1032,36
"1422",8,"Televisor","Petapa",1704,17
"1423",8,"Bocina","Oakland mall",509,37
"1424",8,"Consola","Xela",1318,27
"1425",8,"Celular","Amatitlán",512,58
"1426",9,"Cafetera","Xela",621,30
"1427",9,"Celular","Petapa",507,52
"1428",9,"Celular","Amatitlán",1087,36
"1429",9,"Radio","Xela",106,43
"1430",9,"Radio","Petapa",514,60
"1431",9,"Celular","Oakland mall",32,49
"1432",9,"Cafetera","Zona 12",2679,22
"1433",9,"Celular","Petapa",206,42
"1434",9,"Radio","Xela",1443,16
"1435",9,"Televisor","Petapa",1145,20
"1436",9,"Cafetera","Zona 12",111,40
"1437",9,"Computadora","La Antigua",2899,21
"1438",9,"Televisor","Miraflores",69,55
"1439",10,"Televisor","Oakland mall",584,60
"1440",10,"Bocina","Miraflores",674,31
"1441",10,"Consola","Amatitlán",1103,36
"1442",10,"Consola","Amatitlán",531,32
"1443",10,"Radio","Amatitlán",1059,34
"1444",10,"Computadora","Miraflores",122,57
"1445",10,"DVD","La Antigua",60,42
"1446",10,"Radio","La Antigua",456,59
"1447",10,"Radio","Oakland mall",676,39
"1448",10,"Consola","La Antigua",407,48
"1449",10,"Celular","Petapa",2947,21
"1450",11,"Consola","Petapa",737,27
"1451",11,"Celular","Zona 15",2212,19
"1452",11,"Consola","La Antigua",545,49
"1453",11,"Celular","Zona 12",214,60
"1454",11,"DVD","La Antigua",491,57
"1455",11,"Cafetera","Amatitlán",123,54
"1456",12,"Bocina","Oakland mall",200,46
"1457",12,"Consola","Petapa",314,47
"1458",12,"Radio","Miraflores",223,58
"1459",12,"Consola","Miraflores",214,45
"1460",12,"Radio","Zona 15",429,45
"1461",12,"Computadora","Xela",743,35
"1462",12,"DVD","Oakland mall",1157,30
"1463",1,"Radio","Xela",48,44
"1464",1,"Televisor","Oakland mall",184,43
"1465",1,"Televisor","Petapa",495,42
"1466",1,"Consola","Miraflores",124,46
"1467",1,"DVD","Zona 15",468,44
"1468",1,"Bocina","Zona 12",1014,36
"1469",1,"Bocina","Petapa",858,36
"1470",1,"Consola","Zona 12",964,28
"1471",1,"Televisor","Oakland mall",106,40
"1472",1,"Bocina","Petapa",172,41
"1473",2,"Bocina","Petapa",817,33
"1474",2,"Televisor","Oakland mall",449,60
"1475",2,"DVD","Miraflores",416,52
"1476",2,"Radio","Xela",1191,38
"1477",2,"Computadora","La Antigua",2546,18
"1478",2,"Radio","Amatitlán",2374,15
"1479",2,"Radio","Miraflores",1939,21
"1480",3,"Cafetera","Zona 15",748,35
"1481",3,"DVD","Petapa",445,49
"1482",3,"Celular","Xela",187,52
"1483",4,"DVD","Petapa",2889,16
"1484",4,"Bocina","Petapa",1104,39
"1485",4,"Cafetera","Petapa",349,45
"1486",4,"Computadora","Xela",576,56
"1487",4,"Celular","Zona 15",612,39
"1488",4,"Radio","Oakland mall",263,46
"1489",4,"Celular","Xela",125,46
"1490",4,"Celular","Amatitlán",435,44
"1491",4,"Celular","Petapa",1215,37
"1492",5,"DVD","Zona 12",1382,28
"1493",5,"Computadora","Zona 15",787,38
"1494",5,"Consola","Amatitlán",1003,19
"1495",5,"Celular","Miraflores",450,40
"1496",5,"Celular","Oakland mall",671,28
"1497",5,"Radio","Zona 15",853,33
"1498",5,"Bocina","Zona 15",838,27
"1499",5,"Computadora","Amatitlán",1376,37
"1500",6,"Bocina","Miraflores",1932,21
"1501",6,"Bocina","Oakland mall",235,50
"1502",7,"Radio","La Antigua",39,44
"1503",7,"Celular","Xela",2631,16
"1504",7,"Televisor","Zona 12",330,51
"1505",7,"Cafetera","La Antigua",253,52
"1506",7,"DVD","Zona 15",434,54
"1507",7,"DVD","Petapa",479,50
"1508",7,"DVD","Xela",628,28
"1509",7,"Computadora","Oakland mall",1236,15
"1510",7,"Televisor","Oakland mall",613,38
"1511",7,"Cafetera","Miraflores",71,49
"1512",8,"Televisor","Zona 12",1799,21
"1513",8,"Televisor","Amatitlán",555,25
"1514",8,"Bocina","Petapa",441,58
"1515",8,"Bocina","La Antigua",351,55
